timestamp,lawyer,score,comment
2026-04-19T22:17:54,Иван Петров,9,"Скорость согласования - удовлетворительно, понятные ответы на вопросы"
2026-04-20T02:14:48,Иван Петров,2,нет обратной связи
2026-04-20T02:15:03,Иван Петров,2,скорость ответов можно улучшить
2026-04-20T02:15:24,Анна Смирнова,4,нет обоснованных отказов в согласовании
2026-04-20T02:15:34,Мария Кузнецова,2,
2026-04-20T02:15:40,Мария Кузнецова,9,
2026-04-20T02:15:51,Иван Петров,5,хорошо работает
2026-04-20T02:16:04,Мария Кузнецова,2,плохое согласование
2026-04-20T02:16:14,Анна Смирнова,9,отличный специалист
